<?xml version="1.0" encoding="UTF-8"?>

<beans xmlns="http://www.springframework.org/schema/beans"
	xmlns:xsi="http://www.w3.org/2001/XMLSchema-instance" xmlns:context="http://www.springframework.org/schema/context"
	xmlns:aop="http://www.springframework.org/schema/aop"
	xsi:schemaLocation="http://www.springframework.org/schema/beans
  http://www.springframework.org/schema/beans/spring-beans-3.0.xsd
  http://www.springframework.org/schema/context
  http://www.springframework.org/schema/context/spring-context-3.0.xsd
  http://www.springframework.org/schema/aop
  http://www.springframework.org/schema/aop/spring-aop.xsd">

	
	<bean id="dataSource" class="org.springframework.jdbc.datasource.DriverManagerDataSource">
		<property name="driverClassName" value="org.hsqldb.jdbcDriver" />
		<property name="url" value="jdbc:hsqldb:mem:ashish" />
		<property name="username" value="sa" />
		<property name="password" value="" />
	</bean>
	
	<bean id="sessionFactory" class="org.springframework.orm.hibernate4.LocalSessionFactoryBean">
    	<property name="dataSource">
    		<ref bean="dataSource"/>
    	</property>
    	<property name="hibernateProperties">
    		<props>
				<prop key="hibernate.dialect">org.hibernate.dialect.HSQLDialect</prop>
				<prop key="hibernate.show_sql">true</prop>
				<prop key="hibernate.archive.autodetection">class</prop>
				<prop key="hibernate.hbm2ddl.auto">create</prop>
    		</props>
    	</property>
    	
		<property name="annotatedClasses">
			<list>
				<value>com.ashish.entity.EmployeeEntity</value>
				<value>com.ashish.entity.EmployeeAllocationEntity</value>
			</list>
		</property>
		
    </bean>

	<bean id="employeeDao" class="com.ashish.dao.EmployeeDAOImpl">
		<property name="sessionFactory" ref="sessionFactory"></property>
	</bean>
</beans>