<?xml version="1.0" encoding="UTF-8" ?>
<!DOCTYPE log4j:configuration SYSTEM "log4j.dtd">
<log4j:configuration debug="false"
	xmlns:log4j="http://jakarta.apache.org/log4j/">

	<appender name="console" class="org.apache.log4j.ConsoleAppender">
		<layout class="org.apache.log4j.PatternLayout">
			<param name="ConversionPattern" value="%d{yyyy-MM-dd HH:mm:ss} %-5p %c{1}:%L - %m%n" />
		</layout>
	</appender>

	<!-- <appender name="file" class="org.apache.log4j.DailyRollingFileAppender"> -->
	<appender name="file" class="org.apache.log4j.RollingFileAppender">
		<param name="append" value="true" />
		<param name="maxFileSize" value="10MB" />
		<param name="maxBackupIndex" value="2" />
		<!-- For Tomcat -->
		<param name="file" value="D:\\logs\\adminSec.log" />
		<layout class="org.apache.log4j.PatternLayout">
			<param name="ConversionPattern" value="%d{yyyy-MM-dd HH:mm:ss} %-5p %c{1}:%L - %m%n" />
		</layout>
	</appender>

	<logger name="com.org.coop" additivity="false">
		<level value="DEBUG" />
		<appender-ref ref="file" />
	</logger>

	<!-- Root logger option -->
	<root>
		<level value="INFO" />
		<appender-ref ref="file" />
	</root>

	<logger name="org.hibernate.SQL" >
		<level value="TRACE" />
		<appender-ref ref="console" />
	</logger>
	<logger name="org.hibernate.type">
		<level value="TRACE" />
		<appender-ref ref="console" />
	</logger>
	<logger name="org.springframework">
		<level value="TRACE" />
		<appender-ref ref="console" />
	</logger>
</log4j:configuration>
