<?xml version="1.0" encoding="UTF-8"?>
<mappings xmlns="http://dozer.sourceforge.net" xmlns:xsi="http://www.w3.org/2001/XMLSchema-instance"
	xsi:schemaLocation="http://dozer.sourceforge.net http://dozer.sourceforge.net/schema/beanmapping.xsd">
	<mapping  map-id="customerMap" wildcard="true" map-null="false" trim-strings="true">
		<class-a>com.org.coop.canonical.beans.CustomerBean</class-a>
		<class-b>com.org.coop.retail.entities.Customer</class-b>
		<field-exclude type="one-way">
			<a>branchId</a>
			<b>branchMaster.branchId</b>
		</field-exclude>
		<field-exclude type="one-way">
			<a>branchName</a>
			<b>branchMaster.branchName</b>
		</field-exclude>
		<field type="one-way" custom-converter-id="customerAccountCC" custom-converter-param="CUSTOMER">
			<a>this</a>
			<b>this</b>
		</field>
		<field-exclude type="one-way">
		    <a>deleteInd</a>
		    <b>deleteInd</b>
		</field-exclude>
	</mapping>
	
	<mapping  map-id="accountMap" wildcard="true" map-null="false" trim-strings="true">
		<class-a>com.org.coop.canonical.beans.AccountBean</class-a>
		<class-b>com.org.coop.retail.entities.Account</class-b>
		<field-exclude type="one-way">
			<a>branchId</a>
			<b>branchMaster.branchId</b>
		</field-exclude>
		<field-exclude type="one-way">
			<a>branchName</a>
			<b>branchMaster.branchName</b>
		</field-exclude>
		<field type="one-way" custom-converter-id="customerAccountCC" custom-converter-param="ACCOUNT">
			<a>this</a>
			<b>this</b>
		</field>
		<field-exclude type="one-way">
		    <a>deleteInd</a>
		    <b>deleteInd</b>
		</field-exclude>
	</mapping>
	
	<mapping  map-id="customerAccountMap" wildcard="true" map-null="false" trim-strings="true">
		<class-a>com.org.coop.canonical.beans.CustomerAccountBean</class-a>
		<class-b>com.org.coop.retail.entities.CustomerAccount</class-b>
		<field type="one-way" custom-converter-id="customerAccountCC" custom-converter-param="CUSTOMER_ACCOUNT">
			<a>this</a>
			<b>this</b>
		</field>
		<field-exclude type="one-way">
		    <a>deleteInd</a>
		    <b>deleteInd</b>
		</field-exclude>
	</mapping>
</mappings>