<?xml version="1.0" encoding="UTF-8"?>
<mappings xmlns="http://dozer.sourceforge.net" xmlns:xsi="http://www.w3.org/2001/XMLSchema-instance"
	xsi:schemaLocation="http://dozer.sourceforge.net http://dozer.sourceforge.net/schema/beanmapping.xsd">
	
    <mapping  map-id="paymentMap" wildcard="true" map-null="false" trim-strings="true">
		<class-a>com.org.coop.canonical.account.beans.TransactionPaymentBean</class-a>
		<class-b>com.org.coop.retail.entities.MaterialTranHrd</class-b>
		<field-exclude type="one-way">
		    <a>glTranId</a>
		    <b>retailTransactions[0].glLedgerHrd.glTranId</b>
		</field-exclude>
		<field-exclude type="one-way">
		    <a>deleteInd</a>
		    <b>deleteInd</b>
		</field-exclude>
	</mapping>
	
	<mapping  map-id="cashPaymentMap" wildcard="true" map-null="false" trim-strings="true">
		<class-a>com.org.coop.canonical.account.beans.CashRegisterBean</class-a>
		<class-b>com.org.coop.retail.entities.TransactionPayment</class-b>
		<field type="one-way" custom-converter-id="transactionPaymentCC" custom-converter-param="CASH_PAYMENT">
			<a>this</a>
			<b>this</b>
		</field>
		<field-exclude type="one-way">
		    <a>deleteInd</a>
		    <b>deleteInd</b>
		</field-exclude>
	</mapping>
	
	<mapping  map-id="cardPaymentMap" wildcard="true" map-null="false" trim-strings="true">
		<class-a>com.org.coop.canonical.account.beans.CardRegisterBean</class-a>
		<class-b>com.org.coop.retail.entities.TransactionPayment</class-b>
		<field type="one-way" custom-converter-id="transactionPaymentCC" custom-converter-param="CARD_PAYMENT">
			<a>this</a>
			<b>this</b>
		</field>
		<field-exclude type="one-way">
		    <a>deleteInd</a>
		    <b>deleteInd</b>
		</field-exclude>
	</mapping>
	
	<mapping  map-id="creditPaymentMap" wildcard="true" map-null="false" trim-strings="true">
		<class-a>com.org.coop.canonical.account.beans.CreditRegisterBean</class-a>
		<class-b>com.org.coop.retail.entities.TransactionPayment</class-b>
		<field type="one-way" custom-converter-id="transactionPaymentCC" custom-converter-param="CREDIT_PAYMENT">
			<a>this</a>
			<b>this</b>
		</field>
		<field-exclude type="one-way">
		    <a>deleteInd</a>
		    <b>deleteInd</b>
		</field-exclude>
	</mapping>
	
	<mapping  map-id="chequePaymentMap" wildcard="true" map-null="false" trim-strings="true">
		<class-a>com.org.coop.canonical.account.beans.ChequeRegisterBean</class-a>
		<class-b>com.org.coop.retail.entities.TransactionPayment</class-b>
		<field type="one-way" custom-converter-id="transactionPaymentCC" custom-converter-param="CHEQUE_PAYMENT">
			<a>this</a>
			<b>this</b>
		</field>
		<field-exclude type="one-way">
		    <a>deleteInd</a>
		    <b>deleteInd</b>
		</field-exclude>
	</mapping>
	
	<mapping  map-id="loanPaymentMap" wildcard="true" map-null="false" trim-strings="true">
		<class-a>com.org.coop.canonical.account.beans.LoanRegisterBean</class-a>
		<class-b>com.org.coop.retail.entities.TransactionPayment</class-b>
		<field type="one-way" custom-converter-id="transactionPaymentCC" custom-converter-param="LOAN_PAYMENT">
			<a>this</a>
			<b>this</b>
		</field>
		<field-exclude type="one-way">
		    <a>deleteInd</a>
		    <b>deleteInd</b>
		</field-exclude>
	</mapping>
	
	<mapping  map-id="cashPaymentDtlMap" wildcard="true" map-null="false" trim-strings="true">
		<class-a>com.org.coop.canonical.account.beans.CashRegisterBean</class-a>
		<class-b>com.org.coop.retail.entities.CashRegister</class-b>
		<field-exclude type="one-way">
			<a>branchId</a>
			<b>transactionPayment.branchMaster.branchId</b>
		</field-exclude>
		<field-exclude type="one-way">
			<a>branchName</a>
			<b>transactionPayment.branchMaster.branchName</b>
		</field-exclude>
		<field-exclude type="one-way">
			<a>glTranId</a>
			<b>transactionPayment.glLedgerHrd.glTranId</b>
		</field-exclude>
		<field-exclude type="one-way">
			<a>tranNo</a>
			<b>transactionPayment.glLedgerHrd.tranNo</b>
		</field-exclude>
		<field-exclude type="one-way">
			<a>paymentId</a>
			<b>transactionPayment.paymentId</b>
		</field-exclude>
		<field type="one-way" custom-converter-id="paymentDetailsCC" custom-converter-param="CASH_REGISTER_TABLE">
			<a>this</a>
			<b>this</b>
		</field>
		<field-exclude type="one-way">
		    <a>deleteInd</a>
		    <b>deleteInd</b>
		</field-exclude>
	</mapping>
	
	<mapping  map-id="cardPaymentDtlMap" wildcard="true" map-null="false" trim-strings="true">
		<class-a>com.org.coop.canonical.account.beans.CardRegisterBean</class-a>
		<class-b>com.org.coop.retail.entities.CardRegister</class-b>
		<field-exclude type="one-way">
			<a>branchId</a>
			<b>transactionPayment.branchMaster.branchId</b>
		</field-exclude>
		<field-exclude type="one-way">
			<a>branchName</a>
			<b>transactionPayment.branchMaster.branchName</b>
		</field-exclude>
		<field-exclude type="one-way">
			<a>glTranId</a>
			<b>transactionPayment.glLedgerHrd.glTranId</b>
		</field-exclude>
		<field-exclude type="one-way">
			<a>tranNo</a>
			<b>transactionPayment.glLedgerHrd.tranNo</b>
		</field-exclude>
		<field-exclude type="one-way">
			<a>paymentId</a>
			<b>transactionPayment.paymentId</b>
		</field-exclude>
		<field type="one-way" custom-converter-id="paymentDetailsCC" custom-converter-param="CARD_REGISTER_TABLE">
			<a>this</a>
			<b>this</b>
		</field>
		<field-exclude type="one-way">
		    <a>deleteInd</a>
		    <b>deleteInd</b>
		</field-exclude>
	</mapping>
	
	<mapping  map-id="creditPaymentDtlMap" wildcard="true" map-null="false" trim-strings="true">
		<class-a>com.org.coop.canonical.account.beans.CreditRegisterBean</class-a>
		<class-b>com.org.coop.retail.entities.CreditRegister</class-b>
		<field-exclude type="one-way">
			<a>branchId</a>
			<b>transactionPayment.branchMaster.branchId</b>
		</field-exclude>
		<field-exclude type="one-way">
			<a>branchName</a>
			<b>transactionPayment.branchMaster.branchName</b>
		</field-exclude>
		<field-exclude type="one-way">
			<a>glTranId</a>
			<b>transactionPayment.glLedgerHrd.glTranId</b>
		</field-exclude>
		<field-exclude type="one-way">
			<a>tranNo</a>
			<b>transactionPayment.glLedgerHrd.tranNo</b>
		</field-exclude>
		<field-exclude type="one-way">
			<a>paymentId</a>
			<b>transactionPayment.paymentId</b>
		</field-exclude>
		<field type="one-way" custom-converter-id="paymentDetailsCC" custom-converter-param="CREDIT_REGISTER_TABLE">
			<a>this</a>
			<b>this</b>
		</field>
		<field-exclude type="one-way">
		    <a>deleteInd</a>
		    <b>deleteInd</b>
		</field-exclude>
	</mapping>
	
	<mapping  map-id="chequePaymentDtlMap" wildcard="true" map-null="false" trim-strings="true">
		<class-a>com.org.coop.canonical.account.beans.ChequeRegisterBean</class-a>
		<class-b>com.org.coop.retail.entities.ChequeRegister</class-b>
		<field-exclude type="one-way">
			<a>branchId</a>
			<b>transactionPayment.branchMaster.branchId</b>
		</field-exclude>
		<field-exclude type="one-way">
			<a>branchName</a>
			<b>transactionPayment.branchMaster.branchName</b>
		</field-exclude>
		<field-exclude type="one-way">
			<a>glTranId</a>
			<b>transactionPayment.glLedgerHrd.glTranId</b>
		</field-exclude>
		<field-exclude type="one-way">
			<a>tranNo</a>
			<b>transactionPayment.glLedgerHrd.tranNo</b>
		</field-exclude>
		<field-exclude type="one-way">
			<a>paymentId</a>
			<b>transactionPayment.paymentId</b>
		</field-exclude>
		<field type="one-way" custom-converter-id="paymentDetailsCC" custom-converter-param="CHEQUE_REGISTER_TABLE">
			<a>this</a>
			<b>this</b>
		</field>
		<field-exclude type="one-way">
		    <a>deleteInd</a>
		    <b>deleteInd</b>
		</field-exclude>
	</mapping>
	
	<mapping  map-id="loanPaymentDtlMap" wildcard="true" map-null="false" trim-strings="true">
		<class-a>com.org.coop.canonical.account.beans.LoanRegisterBean</class-a>
		<class-b>com.org.coop.retail.entities.LoanRegister</class-b>
		<field-exclude type="one-way">
			<a>branchId</a>
			<b>transactionPayment.branchMaster.branchId</b>
		</field-exclude>
		<field-exclude type="one-way">
			<a>branchName</a>
			<b>transactionPayment.branchMaster.branchName</b>
		</field-exclude>
		<field-exclude type="one-way">
			<a>glTranId</a>
			<b>transactionPayment.glLedgerHrd.glTranId</b>
		</field-exclude>
		<field-exclude type="one-way">
			<a>tranNo</a>
			<b>transactionPayment.glLedgerHrd.tranNo</b>
		</field-exclude>
		<field-exclude type="one-way">
			<a>paymentId</a>
			<b>transactionPayment.paymentId</b>
		</field-exclude>
		<field type="one-way" custom-converter-id="paymentDetailsCC" custom-converter-param="LOAN_REGISTER_TABLE">
			<a>this</a>
			<b>this</b>
		</field>
		<field-exclude type="one-way">
		    <a>deleteInd</a>
		    <b>deleteInd</b>
		</field-exclude>
	</mapping>
</mappings>