<?xml version="1.0" encoding="UTF-8"?>
<mappings xmlns="http://dozer.sourceforge.net" xmlns:xsi="http://www.w3.org/2001/XMLSchema-instance"
	xsi:schemaLocation="http://dozer.sourceforge.net http://dozer.sourceforge.net/schema/beanmapping.xsd">
	<mapping  map-id="retailBranchMap" wildcard="true" map-null="false" trim-strings="true">
		<class-a>com.org.coop.canonical.beans.BranchBean</class-a>
		<class-b>com.org.coop.retail.entities.BranchMaster</class-b>
		
		<field map-id="materialGroupMap">
			<a>materialGroups</a>
			<b>materialGroups</b>
		</field>
		<field map-id="rateChartMap">
			<a>retailRateCharts</a>
			<b>retailRateCharts</b>
		</field>
		<field map-id="retailVendorMap">
			<a>retailVendors</a>
			<b>vendorMasters</b>
		</field>
	</mapping>
	
	<mapping  map-id="materialGroupMap" wildcard="true" map-null="false" trim-strings="true">
		<class-a>com.org.coop.canonical.beans.MaterialGroupBean</class-a>
		<class-b>com.org.coop.retail.entities.MaterialGroup</class-b>
		<field map-id="materialMastersMap">
			<a>materials</a>
			<b>materialMasters</b>
		</field>
		<field-exclude type="one-way">
			<a>branchId</a>
			<b>branchMaster.branchId</b>
		</field-exclude>
	</mapping>
	<mapping  map-id="materialMastersMap" wildcard="true" map-null="false" trim-strings="true">
		<class-a>com.org.coop.canonical.beans.MaterialMasterBean</class-a>
		<class-b>com.org.coop.retail.entities.MaterialMaster</class-b>
		<field-exclude type="one-way">
			<a>materialGrpId</a>
			<b>materialGroup.materialGrpId</b>
		</field-exclude>
	</mapping>
	
	<mapping  map-id="retailCustomerMap" wildcard="true" map-null="false" trim-strings="true">
		<class-a>com.org.coop.canonical.beans.MaterialMasterBean</class-a>
		<class-b>com.org.coop.retail.entities.MaterialMaster</class-b>
	</mapping>
	
	<mapping  map-id="rateChartMap" wildcard="true" map-null="false" trim-strings="true">
		<class-a>com.org.coop.canonical.beans.RetailRateChartBean</class-a>
		<class-b>com.org.coop.retail.entities.RetailRateChart</class-b>
		<field-exclude type="one-way">
			<a>branchId</a>
			<b>branchMaster.branchId</b>
		</field-exclude>
		<field-exclude type="one-way">
			<a>materialId</a>
			<b>materialMaster.materialId</b>
		</field-exclude>
	</mapping>
	
	<mapping  map-id="retailVendorMap" wildcard="true" map-null="false" trim-strings="true">
		<class-a>com.org.coop.canonical.beans.RetailVendorBean</class-a>
		<class-b>com.org.coop.retail.entities.VendorMaster</class-b>
		<field-exclude type="one-way">
			<a>branchId</a>
			<b>branchMaster.branchId</b>
		</field-exclude>
	</mapping>
</mappings>