<?xml version="1.0" encoding="UTF-8"?>
<mappings xmlns="http://dozer.sourceforge.net" xmlns:xsi="http://www.w3.org/2001/XMLSchema-instance"
	xsi:schemaLocation="http://dozer.sourceforge.net http://dozer.sourceforge.net/schema/beanmapping.xsd">
	<mapping  map-id="retailMaterialTranHrdMap" wildcard="true" map-null="false" trim-strings="true">
		<class-a>com.org.coop.canonical.beans.MaterialTranHrdBean</class-a>
		<class-b>com.org.coop.retail.entities.MaterialTranHrd</class-b>
		<field-exclude type="one-way">
			<a>branchId</a>
			<b>branchMaster.branchId</b>
		</field-exclude>
		<field-exclude type="one-way">
			<a>branchName</a>
			<b>branchMaster.branchName</b>
		</field-exclude>
		<field-exclude type="one-way">
			<a>customerId</a>
			<b>retailCustomerMaster.customerId</b>
		</field-exclude>
		<field-exclude type="one-way">
			<a>customerName</a>
			<b>retailCustomerMaster.customerName</b>
		</field-exclude>
		<field type="one-way" custom-converter-id="retailMaterialTranHrdCC">
			<a>this</a>
			<b>this</b>
		</field>
		<field map-id="retailMaterialTranDtlMap">
			<a>materialTranDtls</a>
			<b>materialTranDtls</b>
		</field>
		<field-exclude type="one-way">
		    <a>deleteInd</a>
		    <b>deleteInd</b>
		</field-exclude>
	</mapping>
	
	<mapping  map-id="retailMaterialTranDtlMap" wildcard="true" map-null="false" trim-strings="true">
		<class-a>com.org.coop.canonical.beans.MaterialTranDtlBean</class-a>
		<class-b>com.org.coop.retail.entities.MaterialTranDtl</class-b>
		<field-exclude type="one-way">
			<a>tranId</a>
			<b>materialTranHrd.tranId</b>
		</field-exclude>
		<field-exclude type="one-way">
			<a>stockId</a>
			<b>stockEntry.stockId</b>
		</field-exclude>
		<field-exclude type="one-way">
			<a>batch</a>
			<b>stockEntry.batch</b>
		</field-exclude>
		<field-exclude type="one-way">
			<a>materialName</a>
			<b>stockEntry.materialMaster.materialName</b>
		</field-exclude>
		<field-exclude type="one-way">
			<a>uom</a>
			<b>stockEntry.materialMaster.uom</b>
		</field-exclude>
		<field type="one-way" custom-converter-id="retailMaterialTranDtlCC">
			<a>this</a>
			<b>this</b>
		</field>
		<field-exclude type="one-way">
		    <a>deleteInd</a>
		    <b>deleteInd</b>
		</field-exclude>
	</mapping>
</mappings>