<?xml version="1.0" encoding="UTF-8"?>
<mappings xmlns="http://dozer.sourceforge.net" xmlns:xsi="http://www.w3.org/2001/XMLSchema-instance"
	xsi:schemaLocation="http://dozer.sourceforge.net http://dozer.sourceforge.net/schema/beanmapping.xsd">
	<mapping  map-id="retailBranchMap" wildcard="true" map-null="false" trim-strings="true">
		<class-a>com.org.coop.canonical.beans.BranchBean</class-a>
		<class-b>com.org.coop.retail.entities.BranchMaster</class-b>
		
		<field map-id="materialGroupMap">
			<a>materialGroups</a>
			<b>materialGroups</b>
		</field>
	</mapping>
	
	<mapping  map-id="materialGroupMap" wildcard="true" map-null="false" trim-strings="true">
		<class-a>com.org.coop.canonical.beans.MaterialGroupBean</class-a>
		<class-b>com.org.coop.retail.entities.MaterialGroup</class-b>
	</mapping>
</mappings>