<?xml version="1.0" encoding="UTF-8"?>
<mappings xmlns="http://dozer.sourceforge.net" xmlns:xsi="http://www.w3.org/2001/XMLSchema-instance"
	xsi:schemaLocation="http://dozer.sourceforge.net http://dozer.sourceforge.net/schema/beanmapping.xsd">
	<mapping  map-id="retailDocumentMap" wildcard="true" map-null="false" trim-strings="true">
		<class-a>com.org.coop.canonical.beans.BranchBean</class-a>
		<class-b>com.org.coop.retail.entities.BranchMaster</class-b>
		
		<field map-id="retailDocumentMap-1">
			<a>documents</a>
			<b>retailDocuments</b>
		</field>
		<field-exclude type="one-way">
		    <a>deleteInd</a>
		    <b>deleteInd</b>
		</field-exclude>
	</mapping>
	
	<mapping  map-id="retailDocumentMap-1" wildcard="true" map-null="false" trim-strings="true">
		<class-a>com.org.coop.canonical.beans.DocumentBean</class-a>
		<class-b>com.org.coop.retail.entities.RetailDocument</class-b>
		<field-exclude type="one-way">
			<a>branchId</a>
			<b>branchMaster.branchId</b>
		</field-exclude>
		<field-exclude type="bi-directional">
		    <a>document</a>
			<b>document</b>
		</field-exclude>
		<field-exclude type="one-way">
		    <a>deleteInd</a>
		    <b>deleteInd</b>
		</field-exclude>
	</mapping>
</mappings>