<?xml version="1.0" encoding="UTF-8"?>
<mappings xmlns="http://dozer.sourceforge.net" xmlns:xsi="http://www.w3.org/2001/XMLSchema-instance"
	xsi:schemaLocation="http://dozer.sourceforge.net http://dozer.sourceforge.net/schema/beanmapping.xsd">
	<mapping  map-id="retailCustomerMap" wildcard="true" map-null="false" trim-strings="true">
		<class-a>com.org.coop.canonical.beans.BranchBean</class-a>
		<class-b>com.org.coop.retail.entities.BranchMaster</class-b>
		
		<field map-id="retailCustomerMap-1">
			<a>retailCustomers</a>
			<b>customerMasters</b>
		</field>
	</mapping>
	
	<mapping  map-id="retailCustomerMap-1" wildcard="true" map-null="false" trim-strings="true">
		<class-a>com.org.coop.canonical.beans.RetailCustomerMasterBean</class-a>
		<class-b>com.org.coop.retail.entities.RetailCustomerMaster</class-b>
		<field-exclude type="one-way">
			<a>branchId</a>
			<b>branchMaster.branchId</b>
		</field-exclude>
	</mapping>
</mappings>