<?xml version="1.0" encoding="UTF-8"?>
<mappings xmlns="http://dozer.sourceforge.net" xmlns:xsi="http://www.w3.org/2001/XMLSchema-instance"
	xsi:schemaLocation="http://dozer.sourceforge.net http://dozer.sourceforge.net/schema/beanmapping.xsd">
	<mapping  map-id="masterDataMap" wildcard="true" map-null="false">
		<class-a>com.org.coop.retail.data.entities.BranchMaster</class-a>
		<class-b>com.org.coop.retail.data.entities.BranchMaster</class-b>
		<field map-id="materialMasterMap">
		    <a>materials</a>
		    <b>materials</b>
		</field>
	</mapping>
	<mapping  map-id="materialMasterMap" wildcard="true" map-null="false">
		<class-a>com.org.coop.retail.data.entities.MaterialMaster</class-a>
		<class-b>com.org.coop.retail.data.entities.MaterialMaster</class-b>
	</mapping>
</mappings>