<?xml version="1.0" encoding="UTF-8"?>
<mappings xmlns="http://dozer.sourceforge.net" xmlns:xsi="http://www.w3.org/2001/XMLSchema-instance"
	xsi:schemaLocation="http://dozer.sourceforge.net http://dozer.sourceforge.net/schema/beanmapping.xsd">
	<configuration>
		<stop-on-errors>true</stop-on-errors>
		<date-format>MM/dd/yyyy HH:mm:ss</date-format>
		<wildcard>false</wildcard>
		<trim-strings>false</trim-strings>
		<relationship-type>non-cumulative</relationship-type>
	</configuration>
</mappings>
