<?xml version="1.0" encoding="utf-8"?>
<!DOCTYPE hibernate-configuration PUBLIC
"-//Hibernate/Hibernate Configuration DTD 3.0//EN"
"http://hibernate.sourceforge.net/hibernate-configuration-3.0.dtd">
<hibernate-configuration>
	<session-factory>
		<property name="hibernate.archive.autodetection">class,hbm</property>
		<property name="hibernate.dialect">org.hibernate.dialect.HSQLDialect</property>
		<property name="hibernate.show_sql">true</property>
		<property name="hibernate.connection.driver_class">org.hsqldb.jdbcDriver</property>
		<property name="hibernate.connection.username">sa</property>
		<property name="hibernate.connection.password"></property>
		<property name="hibernate.connection.url">jdbc:hsqldb:mem:ashish</property>
		<property name="hibernate.hbm2ddl.auto">create</property>

		<!-- EhCache is plugged in to the hibernate.cfg.xml -->
		<property name="hibernate.cache.region.factory_class">org.hibernate.cache.ehcache.EhCacheRegionFactory</property>
		
		<!-- enable second level cache and query cache -->
		<property name="hibernate.cache.use_second_level_cache">true</property>
		<property name="hibernate.cache.use_query_cache">true</property>
		<property name="net.sf.ehcache.configurationResourceName">ehCache.xml</property>

		<mapping class="com.ashish.entity.EmployeeEntity"></mapping>
	</session-factory>
</hibernate-configuration>