<?xml version="1.0" encoding="UTF-8"?>
<mappings xmlns="http://dozer.sourceforge.net" xmlns:xsi="http://www.w3.org/2001/XMLSchema-instance"
	xsi:schemaLocation="http://dozer.sourceforge.net http://dozer.sourceforge.net/schema/beanmapping.xsd">
	<mapping  map-id="countryStateDistMap" wildcard="true" trim-strings="true" map-null="false">
		<class-a>com.org.coop.canonical.master.beans.CountryMasterBean</class-a>
		<class-b>com.org.coop.society.data.admin.entities.CountryMaster</class-b>
		<field map-id="stateDistMap">
			<a>states</a>
			<b>stateMasters</b>
		</field>
	</mapping>
	<mapping  map-id="stateDistMap" wildcard="true" trim-strings="true" map-null="false">
		<class-a>com.org.coop.canonical.master.beans.StateMasterBean</class-a>
		<class-b>com.org.coop.society.data.admin.entities.StateMaster</class-b>
		<field map-id="distMap">
			<a>districts</a>
			<b>districtMasters</b>
		</field>
		<field>
			<a>countryCode</a>
			<b>countryMaster.countryCode</b>
		</field>
		<field type="one-way" custom-converter-param="stateToCountryCopy" custom-converter-id="countryStateDistCC">
			<a>this</a>
			<b>countryMaster</b>
		</field>
	</mapping>
	<mapping  map-id="distMap" wildcard="true" trim-strings="true" map-null="false" >
		<class-a>com.org.coop.canonical.master.beans.DistrictMasterBean</class-a>
		<class-b>com.org.coop.society.data.admin.entities.DistrictMaster</class-b>
		<field>
			<a>stateCode</a>
			<b>stateMaster.stateCode</b>
		</field>
		<field>
			<a>countryCode</a>
			<b>stateMaster.countryMaster.countryCode</b>
		</field>
		<field type="one-way" custom-converter-param="districtToCountryCopy" custom-converter-id="countryStateDistCC">
			<a>this</a>
			<b>stateMaster.countryMaster</b>
		</field>
		<field type="one-way" custom-converter-param="districtToStateCopy" custom-converter-id="countryStateDistCC">
			<a>this</a>
			<b>stateMaster</b>
		</field>
	</mapping>
</mappings>