<?xml version="1.0" encoding="UTF-8"?>
<mappings xmlns="http://dozer.sourceforge.net" xmlns:xsi="http://www.w3.org/2001/XMLSchema-instance"
	xsi:schemaLocation="http://dozer.sourceforge.net http://dozer.sourceforge.net/schema/beanmapping.xsd">
	<mapping  map-id="moduleMasterMap" wildcard="true" >
		<class-a>com.org.coop.canonical.master.beans.ModuleMasterBean</class-a>
		<class-b>com.org.coop.society.data.admin.entities.ModuleMaster</class-b>
		<field map-id="permissionMap">
			<a>modulePermissions</a>
			<b>permissionMasters</b>
		</field>
		<field map-id="moduleRuleMap">
			<a>moduleRules</a>
			<b>ruleMasters</b>
		</field>
	</mapping>
	<mapping  map-id="permissionMap" wildcard="true" >
		<class-a>com.org.coop.canonical.master.beans.ModulePermissionMasterBean</class-a>
		<class-b>com.org.coop.society.data.admin.entities.PermissionMaster</class-b>
		<field>
			<a>moduleName</a>
			<b>moduleMaster.moduleName</b>
		</field>
		 <field type="one-way" custom-converter-param="permissionToModuleCopy" custom-converter-id="moduleRulePermissionCC">
			<a>this</a>
			<b>moduleMaster</b>
		</field>
		<!--<field type="one-way" custom-converter-param="districtToStateCopy" custom-converter-id="countryStateDistCC">
			<a>this</a>
			<b>stateMaster</b>
		</field> -->
	</mapping>
	<mapping  map-id="moduleRuleMap" wildcard="true" >
		<class-a>com.org.coop.canonical.master.beans.RuleMasterBean</class-a>
		<class-b>com.org.coop.society.data.admin.entities.RuleMaster</class-b>
		<field>
			<a>moduleName</a>
			<b>moduleMaster.moduleName</b>
		</field>
		<field map-id="moduleRuleValueMap">
			<a>ruleMasterValues</a>
			<b>ruleMasterValues</b>
		</field>
		<field type="one-way" custom-converter-param="ruleToModuleCopy" custom-converter-id="moduleRulePermissionCC">
			<a>this</a>
			<b>moduleMaster</b>
		</field>
	</mapping>
	<mapping  map-id="moduleRuleValueMap" wildcard="true" >
		<class-a>com.org.coop.canonical.master.beans.RuleMasterValuesBean</class-a>
		<class-b>com.org.coop.society.data.admin.entities.RuleMasterValue</class-b>
		<field>
			<a>moduleName</a>
			<b>ruleMaster.moduleMaster.moduleName</b>
		</field>
		<field>
			<a>ruleName</a>
			<b>ruleMaster.ruleName</b>
		</field>
		<field type="one-way" custom-converter-param="ruleValueToRuleCopy" custom-converter-id="moduleRulePermissionCC">
			<a>this</a>
			<b>ruleMaster</b>
		</field>
	</mapping>
</mappings>