<?xml version="1.0" encoding="UTF-8"?>
<mappings xmlns="http://dozer.sourceforge.net" xmlns:xsi="http://www.w3.org/2001/XMLSchema-instance"
	xsi:schemaLocation="http://dozer.sourceforge.net http://dozer.sourceforge.net/schema/beanmapping.xsd">
	<mapping  map-id="addressMap" wildcard="true" map-null="false" trim-strings="true" >
		<class-a>com.org.coop.canonical.beans.AddressBean</class-a>
		<class-b>com.org.coop.society.data.admin.entities.Address</class-b>
		<field custom-converter-id="addressCC">
			<a>distId</a>
			<b>districtMaster</b>
		</field>
	</mapping>
</mappings>