<?xml version="1.0" encoding="UTF-8"?>
<mappings xmlns="http://dozer.sourceforge.net" xmlns:xsi="http://www.w3.org/2001/XMLSchema-instance"
	xsi:schemaLocation="http://dozer.sourceforge.net http://dozer.sourceforge.net/schema/beanmapping.xsd">
	<mapping  map-id="branchMap" wildcard="true">
		<class-a>com.org.coop.canonical.beans.BranchBean</class-a>
		<class-b>com.org.coop.society.data.admin.entities.BranchMaster</class-b>
		<field map-id="branchAddressMap">
			<a>addresses</a>
			<b>branchAddresses</b>
		</field>
		<field custom-converter-id="branchLicenseDtlCC">
			<a>this</a>
			<b>branchLicenseDtls[0]</b>
		</field>
		<field map-id="branchLicenseDtlMap">
			<a>branchLicenseDtlsBeans</a>
			<b>branchLicenseDtls</b>
		</field>
		<field type="one-way" custom-converter-id="branchCC" custom-converter-param="addBranchMastersIntoBranchAddress">
			<a>this</a>
			<!-- <b set-method="addBranchMastersIntoBranchAddress">branchAddresses.branchMaster</b> -->
			<b>branchAddresses</b>
		</field>
		<field map-id="branchRuleMap">
			<a>branchRuleBeans</a>
			<b>branchRules</b>
		</field>
		<field map-id="createUserMap">
			<a>users</a>
			<b>users</b>
		</field>
	</mapping>
	
	<mapping  map-id="branchAddressMap" wildcard="true">
		<class-a>com.org.coop.canonical.beans.AddressBean</class-a>
		<class-b>com.org.coop.society.data.admin.entities.BranchAddress</class-b>
		<field map-id="addressMap">
			<a>this</a>
			<b>address</b>
			<a-hint>com.org.coop.canonical.beans.AddressBean</a-hint>
		    <b-hint>com.org.coop.society.data.admin.entities.Address</b-hint>
		</field>
	</mapping>
	<mapping  map-id="branchLicenseDtlMap" wildcard="true"  trim-strings="true" map-null="false">
		<class-a>com.org.coop.canonical.beans.BranchLicenseDtlsBean</class-a>
		<class-b>com.org.coop.society.data.admin.entities.BranchLicenseDtl</class-b>
	</mapping>
	
	<mapping  map-id="branchRuleMap" wildcard="true"  trim-strings="true" map-null="false">
		<class-a>com.org.coop.canonical.beans.BranchRuleBean</class-a>
		<class-b>com.org.coop.society.data.admin.entities.BranchRule</class-b>
		<field custom-converter-id="branchRulesCC">
			<a>this</a>
			<b>this</b>
		</field>
	</mapping>
	<mapping  map-id="createUserMap" wildcard="true" trim-strings="true" map-null="false">
		<class-a>com.org.coop.canonical.master.beans.UserMasterBean</class-a>
		<class-b>com.org.coop.society.data.admin.entities.User</class-b>
		<field custom-converter-id="branchUsersCC">
			<a>this</a>
			<b>this</b>
		</field>
	</mapping>
</mappings>