<?xml version="1.0" encoding="UTF-8"?>
<mappings xmlns="http://dozer.sourceforge.net" xmlns:xsi="http://www.w3.org/2001/XMLSchema-instance"
	xsi:schemaLocation="http://dozer.sourceforge.net http://dozer.sourceforge.net/schema/beanmapping.xsd">
	<configuration>
		<stop-on-errors>true</stop-on-errors>
		<date-format>dd/MM/yyyy HH:mm:ss</date-format>
		<wildcard>false</wildcard>
		<trim-strings>true</trim-strings>
		<!-- <map-null>false</map-null> -->
		<!-- Below configuration is required to update list if already present. 
			hashcode and equal method has to be over riddend
		 -->
		<relationship-type>non-cumulative</relationship-type>
	</configuration>
</mappings>